{
  "Total" : {
    "transaction" : "Total",
    "sampleCount" : 100,
    "errorCount" : 0,
    "errorPct" : 0.0,
    "meanResTime" : 886.0600000000003,
    "medianResTime" : 806.0,
    "minResTime" : 724.0,
    "maxResTime" : 2121.0,
    "pct1ResTime" : 889.6,
    "pct2ResTime" : 1818.85,
    "pct3ResTime" : 2120.0499999999997,
    "throughput" : 4.907012120319937,
    "receivedKBytesPerSec" : 1540.1296313760488,
    "sentKBytesPerSec" : 0.5606644707787428
  },
  "HTTP Request" : {
    "transaction" : "HTTP Request",
    "sampleCount" : 100,
    "errorCount" : 0,
    "errorPct" : 0.0,
    "meanResTime" : 886.0600000000003,
    "medianResTime" : 806.0,
    "minResTime" : 724.0,
    "maxResTime" : 2121.0,
    "pct1ResTime" : 889.6,
    "pct2ResTime" : 1818.85,
    "pct3ResTime" : 2120.0499999999997,
    "throughput" : 4.907012120319937,
    "receivedKBytesPerSec" : 1540.1296313760488,
    "sentKBytesPerSec" : 0.5606644707787428
  }
}